{
    "www.163.com": 0.17169124721634302,
    "news.163.com": 0.17169124721634302,
    "sports.163.com": 0.17169124721634302,
    "hongcai.163.com": 0.17169124721634302,
    "tech.163.com": 0.17169124721634302,
    "mobile.163.com": 0.17169124721634302,
    "culture.163.com": 0.17169124721634302,
    "v.163.com": 0.17169124721634302,
    "open.163.com": 0.17169124721634302,
    "auto.163.com": 0.17169124721634302,
    "gd.news.163.com": 0.17169124721634302,
    "gov.163.com": 0.17169124721634302,
    "dy.163.com": 0.17169124721634302,
    "ent.163.com": 0.17169124721634302,
    "m.163.com": 0.17169124721634302,
    "money.163.com": 0.17169124721634302,
    "biz.163.com": 0.17169124721634302,
    "fashion.163.com": 0.17169124721634302,
    "edu.163.com": 0.17169124721634302,
    "baby.163.com": 0.17169124721634302,
    "art.163.com": 0.17169124721634302,
    "gz.house.163.com": 0.17169124721634302,
    "home.163.com": 0.17169124721634302,
    "esf.house.163.com": 0.17169124721634302,
    "jiankang.163.com": 0.17169124721634302,
    "jiu.163.com": 0.17169124721634302,
    "gongyi.163.com": 0.17169124721634302,
    "travel.163.com": 0.17169124721634302,
    "static.ws.126.net": 0.43797370096709654,
    "nimg.ws.126.net": 0.33696433013971777,
    "urswebzj.nosdn.127.net": 0.4233246841486416,
    "yt-adp.ws.126.net": 0.21976421635191018,
    "g.163.com": 0.29874687506009634,
    "cms-bucket.nosdn.127.net": 0.18078614300542664,
    "cms-bucket.ws.126.net": 0.3121324497132373,
    "relottery.ws.126.net": 0.046701296274758004,
    "img1.cache.netease.com": 0.21976421635191018,
    "open-image.ws.126.net": 0.046701296274758004,
    "s2.open.163.com": 0.046701296274758004,
    "c.open.163.com": 0.046701296274758004,
    "pic-bucket.ws.126.net": 0.046701296274758004,
    "img3.cache.netease.com": 0.046701296274758004,
    "pic-bucket.nosdn.127.net": 0.046701296274758004,
    "img2.cache.netease.com": 0.18078614300542664,
    "dingyue.ws.126.net": 0.08058207972900319,
    "fps-pro.ws.126.net": 0.13552313381698072,
    "house.163.com": 0.08058207972900319,
    "dingyue.nosdn.127.net": 0.046701296274758004,
    "ipservice.ws.126.net": 0.046701296274758004,
    "channel.m.163.com": 0.046701296274758004,
    "nex.163.com": 0.046701296274758004,
    "vmonitor.ws.netease.com": 0.046701296274758004,
    "img1.126.net": 0.08058207972900319,
    "nssale.nosdn.127.net": 0.046701296274758004,
    "yt-adp.nosdn.127.net": 0.046701296274758004,
    "public.house.163.com": 0.046701296274758004,
    "bjnewsrec-cv.ws.126.net": 0.046701296274758004,
    "house-public.ws.126.net": 0.046701296274758004,
    "img3.126.net": 0.08058207972900319,
    "nos.netease.com": 0.046701296274758004,
    "qiyukf.nosdn.127.net": 0.046701296274758004,
    "active.163.com": 0.046701296274758004,
    "videoimg.ws.126.net": 0.046701296274758004
}