{
    "101.226.27.115": 4.584962500721156,
    "101.226.27.114": 4.584962500721156,
    "101.226.27.117": 4.584962500721156,
    "101.226.27.113": 4.584962500721156,
    "101.226.27.118": 4.584962500721156,
    "101.226.27.111": 4.584962500721156,
    "101.226.27.116": 4.584962500721156,
    "101.226.27.112": 4.584962500721156,
    "203.119.238.5": 4.584962500721156,
    "96.16.169.96": 4.584962500721155,
    "140.205.156.223": 3.584962500721156,
    "140.205.156.224": 3.584962500721156,
    "119.147.111.144": 0.1926450779423959,
    "119.147.111.143": 0.1926450779423959,
    "59.82.118.164": 4.584962500721156,
    "59.82.132.238": 4.584962500721156,
    "59.82.44.8": 4.584962500721156,
    "203.119.169.156": 4.584962500721156,
    "203.119.169.238": 4.584962500721156,
    "183.60.240.243": 4.584962500721156,
    "183.60.240.240": 4.584962500721156,
    "183.60.240.238": 4.584962500721156,
    "183.60.240.239": 4.584962500721156,
    "183.60.240.242": 4.584962500721156,
    "183.60.240.241": 4.584962500721156,
    "183.60.240.244": 4.584962500721156,
    "183.60.240.237": 4.584962500721156,
    "210.38.3.248": 4.181248024556324,
    "210.38.3.249": 4.181248024556324,
    "59.82.44.54": 4.584962500721156,
    "59.82.43.82": 4.584962500721156,
    "59.82.44.30": 4.584962500721156,
    "59.82.133.133": 4.584962500721156,
    "59.82.120.115": 4.584962500721156,
    "59.82.133.135": 4.584962500721156,
    "59.82.133.159": 4.584962500721156,
    "59.82.44.45": 4.584962500721156,
    "59.82.29.204": 4.584962500721156,
    "59.82.122.165": 4.584962500721156,
    "59.82.43.238": 4.584962500721156,
    "59.82.122.140": 4.584962500721156,
    "59.82.43.234": 4.584962500721156,
    "59.82.121.163": 4.584962500721156,
    "59.82.43.239": 4.584962500721156,
    "59.82.122.130": 4.584962500721156,
    "59.82.44.240": 4.584962500721156,
    "59.82.44.167": 4.584962500721156,
    "59.82.44.163": 4.584962500721156,
    "203.119.174.145": 4.584962500721156,
    "203.119.174.146": 4.584962500721156,
    "183.2.193.248": 4.334962500721156,
    "183.2.193.249": 4.334962500721156,
    "203.119.238.19": 4.584962500721156,
    "203.119.204.170": 4.584962500721156,
    "203.119.252.75": 4.584962500721156,
    "203.119.252.113": 4.584962500721156,
    "106.11.253.83": 4.584962500721156,
    "140.205.60.46": 4.584962500721156,
    "106.11.172.9": 4.584962500721156,
    "106.11.249.99": 4.584962500721156,
    "140.205.135.3": 4.584962500721156,
    "106.11.248.146": 4.584962500721156,
    "111.63.212.173": 4.584962500721156,
    "23.77.12.174": 4.584962500721156,
    "59.82.122.10": 4.584962500721156,
    "203.119.169.158": 4.584962500721156,
    "210.38.3.216": 4.584962500721156,
    "210.38.3.217": 4.584962500721156,
    "59.82.133.139": 4.584962500721156,
    "59.82.31.141": 3.584962500721156,
    "220.181.165.82": 1.777607578663552,
    "220.181.165.83": 1.777607578663552,
    "223.109.146.132": 2.584962500721156,
    "183.60.240.217": 0.5849625007211563,
    "183.60.240.218": 0.5849625007211563,
    "106.11.23.107": 3.584962500721156,
    "112.34.111.235": 4.584962500721156,
    "223.109.146.164": 2.263034405833794,
    "223.109.146.199": 2.263034405833794,
    "142.250.199.104": 4.584962500721156,
    "210.38.3.197": 4.584962500721156,
    "210.38.3.198": 4.584962500721156,
    "210.38.3.234": 4.584962500721156,
    "210.38.3.228": 4.584962500721156,
    "210.38.3.231": 4.584962500721156,
    "210.38.3.227": 4.584962500721156,
    "210.38.3.233": 4.584962500721156,
    "210.38.3.229": 4.584962500721156,
    "210.38.3.232": 4.584962500721156,
    "210.38.3.230": 4.584962500721156,
    "47.102.14.19": 4.584962500721156,
    "203.119.204.130": 4.584962500721156,
    "203.119.238.27": 4.584962500721156,
    "36.147.19.251": 4.584962500721156,
    "36.147.19.215": 4.584962500721156,
    "110.76.8.255": 4.584962500721156,
    "110.75.130.45": 4.584962500721156,
    "39.156.169.125": 4.584962500721156,
    "106.11.23.24": 4.584962500721156,
    "59.82.132.130": 4.584962500721156,
    "203.119.145.39": 4.584962500721156,
    "118.215.82.83": 4.584962500721156,
    "203.119.238.116": 4.584962500721156,
    "59.82.23.55": 4.584962500721156
}