{
    "117.135.214.84": 4.0023575798724735,
    "117.135.214.83": 4.954196310386875,
    "171.105.188.81": 4.906577262767828,
    "210.38.3.230": 3.9955233281976743,
    "210.38.3.233": 3.9955233281976743,
    "210.38.3.228": 3.9955233281976743,
    "210.38.3.232": 3.9955233281976743,
    "210.38.3.231": 3.9955233281976743,
    "210.38.3.229": 3.9955233281976743,
    "210.38.3.234": 3.9955233281976743,
    "210.38.3.227": 3.9955233281976743,
    "121.12.67.19": 2.000751012582616,
    "117.135.214.86": 4.954196310386875,
    "117.135.214.85": 4.954196310386875,
    "117.135.214.87": 4.954196310386875,
    "45.127.129.34": 4.954196310386875,
    "117.135.214.80": 4.954196310386875,
    "39.136.116.213": 0.8667334691365359,
    "39.136.116.211": 0.8667334691365359,
    "39.135.62.89": 0.8667334691365359,
    "39.135.62.93": 0.8667334691365359,
    "120.233.178.92": 4.954196310386875,
    "120.233.178.91": 4.954196310386875,
    "120.241.30.82": 4.954196310386875,
    "120.241.30.81": 4.954196310386875
}